created_utc	v	v_base	raw	final	active_cap	cap_visible_vmin	cap_occl_vmin	v_vis	v_occ	conf	kappa_vis	s_visible_m	psi_vis	psi_thresh	occlusion_reason	tail_frac	s_tail	overslow
2025-09-05 00:56:54	10.239487648010254	6.414372153141189	6.414372153141189	6.414372153141189	occlusion	6.414372153141189	2.7033448003383262	2.7245448302679085	2.7033448003383262	0.06198956379639015	0.26533229839084094	14.335282707214354	3.8036135087876612	0.403	fov_exit	0.9	1405.4702341485995	1
2025-09-05 00:56:54	10.077333450317383	6.529657768258693	6.529657768258693	6.529657768258693	occlusion	6.529657768258693	2.7033448003383262	2.7245448302679085	2.7033448003383262	0.04180783338633103	0.26533229839084094	14.108266830444334	3.7433788644330597	0.403	fov_exit	0.9	1411.2482031751845	1
2025-09-05 00:56:55	9.8419189453125	6.187281318599499	6.187281318599499	6.187281318599499	occlusion	6.187281318599499	2.7033448003383262	2.7245448302679085	2.7033448003383262	0.06280595343564198	0.26533229839084094	13.7786865234375	3.6559305640705775	0.403	fov_exit	0.9	1416.5713592850548	1
2025-09-05 00:56:55	9.684234619140625	6.013694593899727	6.013694593899727	6.013694593899727	occlusion	6.013694593899727	2.7033448003383262	2.7245448302679085	2.7033448003383262	0.08315723778428961	0.26533229839084094	13.557928466796874	3.5973563215138245	0.403	fov_exit	0.9	1421.6828795628865	1
2025-09-05 00:56:56	9.514214515686035	6.022353362938455	6.022353362938455	6.022353362938455	occlusion	6.022353362938455	2.7033448003383262	2.7245448302679085	2.7033448003383262	0.10008793396365515	0.26533229839084094	13.319900321960448	3.534199766762668	0.403	fov_exit	0.9	1426.7218494396793	1
2025-09-05 00:56:57	9.456364631652832	6.1475422651748985	6.759328852921744	6.759328852921744	occlusion	6.1475422651748985	2.7033448003383262	2.7245448302679085	2.7033448003383262	0.0814090868308314	0.26533229839084094	13.238910484313964	3.5127105469936253	0.403	fov_exit	0.9	1431.9913448712039	1
2025-09-05 00:56:57	9.336308479309082	6.281418943439608	6.281418943439608	6.281418943439608	occlusion	6.281418943439608	2.7033448003383262	2.7245448302679085	2.7033448003383262	0.09051808855098668	0.26533229839084094	13.070831871032714	3.468113862221366	0.403	fov_exit	0.9	1437.3389325826486	1
2025-09-05 00:56:58	9.178595542907715	6.616719404539079	6.616719404539079	6.616719404539079	occlusion	6.616719404539079	2.7033448003383262	2.7245448302679085	2.7033448003383262	0.07888043233337108	0.26533229839084094	12.8500337600708	3.4095289919594856	0.403	fov_exit	0.9	1442.6663256265049	1
2025-09-05 00:56:58	9.01433277130127	6.315367796333161	6.315367796333161	6.315367796333161	occlusion	6.315367796333161	2.7033448003383262	2.7245448302679085	2.7033448003383262	0.08750945047639246	0.26533229839084094	12.620065879821777	3.3485110857369422	0.403	fov_exit	0.9	1447.8951005533036	1
2025-09-05 00:56:59	8.828057289123535	6.215589222057685	6.215589222057685	6.215589222057685	occlusion	6.215589222057685	2.7033448003383262	2.7245448302679085	2.7033448003383262	0.08332271293970345	0.26533229839084094	12.359280204772949	3.2793162231888298	0.403	fov_exit	0.9	1452.6164545437696	1
2025-09-05 00:56:59	8.363805770874023	6.259705436305546	6.259705436305546	6.259705436305546	occlusion	6.259705436305546	2.7033448003383262	2.7245448302679085	2.7033448003383262	0.07948753299152331	0.26533229839084094	11.709328079223631	3.106862931872817	0.403	fov_exit	0.9	1458.0056622927739	1
2025-09-05 00:57:00	7.767829895019531	6.468324671443494	6.468324671443494	6.468324671443494	occlusion	6.468324671443494	2.7033448003383262	2.7245448302679085	2.7033448003383262	0.08884358865777509	0.26533229839084094	10.874961853027344	2.8854786233764638	0.403	fov_exit	0.9	1463.306519162925	0
2025-09-05 00:57:00	7.315119743347168	6.468536810277207	6.468536810277207	6.468536810277207	occlusion	6.468536810277207	2.7033448003383262	2.7245448302679085	2.7033448003383262	0.10789815115637165	0.26533229839084094	10.241167640686035	2.7173125483091316	0.403	fov_exit	0.9	1468.0497358227444	0
2025-09-05 00:57:01	6.854676246643066	6.425651093235271	6.425651093235271	6.425651093235271	occlusion	6.425651093235271	2.7033448003383262	2.7245448302679085	2.7033448003383262	0.03997503988506234	0.26533229839084094	9.596546745300293	2.5462738045456708	0.403	fov_exit	0.9	1472.217845852034	0
2025-09-05 00:57:01	6.352574348449707	5.976567426976661	5.976567426976661	5.976567426976661	occlusion	5.976567426976661	2.7033448003383262	2.7245448302679085	2.7033448003383262	0.03280136584962454	0.26533229839084094	8.893604087829589	2.3597604136020034	0.403	fov_exit	0.9	1476.5386411534287	0
2025-09-05 00:57:02	5.821910381317139	5.707590652644142	5.707590652644142	5.707590652644142	occlusion	5.707590652644142	2.7033448003383262	2.7245448302679085	2.7033448003383262	0.04290115310709846	0.26533229839084094	8.150674533843993	2.1626372075005227	0.403	fov_exit	0.9	1480.6132647203206	0
2025-09-05 00:57:02	5.345510005950928	5.57900112895773	5.57900112895773	5.57900112895773	occlusion	5.57900112895773	2.7033448003383262	2.7245448302679085	2.7033448003383262	0.04517490114417281	0.26533229839084094	7.483714008331298	1.9856710383302763	0.403	fov_exit	0.9	1484.0647919830126	0
2025-09-05 00:57:03	4.832992076873779	5.480093502114211	5.480093502114211	5.480093502114211	occlusion	5.480093502114211	2.7033448003383262	2.7245448302679085	2.7033448003383262	0.04390067758087407	0.26533229839084094	6.766188907623291	1.795288454206301	0.403	fov_exit	0.9	1487.5492566972673	0
2025-09-05 00:57:03	4.292355060577392	5.79728139148021	5.79728139148021	5.79728139148021	occlusion	5.79728139148021	2.7033448003383262	2.7245448302679085	2.7033448003383262	0.061745466150235	0.26533229839084094	6.009297084808348	1.5944606072255791	0.403	fov_exit	0.9	1490.6030582451583	0
2025-09-05 00:57:04	3.3832814693450928	5.483152429589668	5.483152429589668	5.483152429589668	occlusion	5.483152429589668	2.7033448003383262	2.7245448302679085	2.7033448003383262	0.04269718700430185	0.26533229839084094	4.7365940570831295	1.2567713877102649	0.403	fov_exit	0.9	1493.9648769730275	0
2025-09-05 00:57:05	2.7528281211853027	4.3452643668003565	4.3452643668003565	4.3452643668003565	occlusion	4.3452643668003565	2.7033448003383262	2.7245448302679085	2.7033448003383262	0.01508081582925716	0.26533229839084094	3.8539593696594237	1.0225798974566513	0.403	fov_exit	0.9	1496.3431975770452	0
2025-09-05 00:57:05	2.4098501205444336	3.1090321733391635	3.1764530037893803	3.1764530037893803	occlusion	3.1090321733391635	2.7033448003383262	2.7245448302679085	2.7033448003383262	0.007033767430153796	0.26533229839084094	3.373790168762207	0.8951754997660994	0.403	fov_exit	0.9	1498.0846768755737	0
2025-09-05 00:57:06	2.4403979778289795	2.524615154052481	2.644290557572307	2.644290557572307	visible	2.524615154052481	2.7033448003383262	2.7245448302679085	2.7033448003383262	0.0070656763287363054	0.26533229839084094	3.416557168960571	0.906522966224013	0.403	fov_exit	0.9	1499.2434175736134	0
2025-09-05 00:57:06	2.4585020542144775	2.258327589591388	2.258327589591388	2.258327589591388	visible	2.258327589591388	2.7033448003383262	2.7245448302679085	2.7033448003383262	0.01081184517473617	0.26533229839084094	3.4419028759002686	0.9132480009006636	0.403	fov_exit	0.9	1500.4408002839696	0
2025-09-05 00:57:07	2.5154533386230464	2.2011934031457066	2.24	2.24	visible	2.2011934031457066	2.7033448003383262	2.7245448302679085	2.7033448003383262	0.01008365596827415	0.26533229839084094	3.521634674072265	0.934403422164474	0.403	fov_exit	0.9	1501.721868031079	0
2025-09-05 00:57:07	2.4705679416656494	2.1601232749289156	2.24	2.24	visible	2.1601232749289156	2.7033448003383262	2.7245448302679085	2.7033448003383262	0.006553875038616871	0.26533229839084094	3.458795118331909	0.9177300584100261	0.403	fov_exit	0.9	1503.031310512225	0
2025-09-05 00:57:08	1.741964340209961	2.181302752844835	2.24	2.24	visible	2.181302752844835	2.7033448003383262	2.7245448302679085	2.7033448003383262	0.005165852877054687	0.26533229839084094	2.438750076293945	0.6470791629439111	0.403	fov_exit	0.9	1505.1912827886129	0
2025-09-05 00:57:08	1.1541733741760254	2.66674428691348	2.66674428691348	2.66674428691348	visible	2.66674428691348	2.7033448003383262	2.7245448302679085	2.7033448003383262	0.003885902565706576	0.26533229839084094	1.6158427238464355	0.4287352637562916	0.403	fov_exit	0.9	1506.7038266362101	0
2025-09-05 00:57:09	1.05167555809021	3.112154466912532	3.112154466912532	3.112154466912532	occlusion	3.112154466912532	2.7033448003383262	2.7245448302679085	2.7033448003383262	0.004364784893634186	0.26533229839084094	1.472345781326294	0.39066089018536404	0.403	fov_exit	0.9	1507.4496016806577	0
2025-09-05 00:57:09	0.9114710092544556	3.0806190177288775	3.0806190177288775	3.0806190177288775	occlusion	3.0806190177288775	2.7033448003383262	2.7245448302679085	2.7033448003383262	0.004699263300012032	0.26533229839084094	1.2760594129562377	0.3385797769229458	0.403	fov_exit	0.9	1508.1374729855465	0
2025-09-05 00:57:10	0.8274728655815123	3.2432793316050765	3.2432793316050765	3.2432793316050765	occlusion	3.2432793316050765	2.7033448003383262	2.7245448302679085	2.7033448003383262	0.007926800409092924	0.26533229839084094	1.1584620118141171	0.3073773881931172	0.403	fov_exit	0.9	1508.6733497948364	0
2025-09-05 00:57:10	0.9421292543411255	3.3600329853543496	3.3600329853543496	3.3600329853543496	occlusion	3.3600329853543496	2.7033448003383262	2.7245448302679085	2.7033448003383262	0.005977439949184745	0.26533229839084094	1.3189809560775756	0.34996824860981196	0.403	fov_exit	0.9	1508.9918942736952	0
2025-09-05 00:57:11	1.126003623008728	3.2053073637488607	3.2053073637488607	3.2053073637488607	occlusion	3.2053073637488607	2.7033448003383262	2.7245448302679085	2.7033448003383262	0.009107064075891905	0.26533229839084094	1.5764050722122191	0.4182711810050477	0.403	fov_exit	0.9	1509.3108189555578	0
2025-09-05 00:57:11	1.3330291509628296	2.8314625178702024	2.8314625178702024	2.8314625178702024	occlusion	2.8314625178702024	2.7033448003383262	2.7245448302679085	2.7033448003383262	0.006914458352954766	0.26533229839084094	1.8662408113479614	0.49517396382574236	0.403	fov_exit	0.9	1509.71089677394	0
2025-09-05 00:57:12	1.2949843406677246	2.8646538846458354	2.8646538846458354	2.8646538846458354	occlusion	2.8646538846458354	2.7033448003383262	2.7245448302679085	2.7033448003383262	0.008634182989203213	0.26533229839084094	1.8129780769348143	0.48104164008532113	0.403	fov_exit	0.9	1510.4366509405247	0
2025-09-05 00:57:12	1.357293963432312	3.1964310945621444	3.1964310945621444	3.1964310945621444	occlusion	3.1964310945621444	2.7033448003383262	2.7245448302679085	2.7033448003383262	0.006189142599678229	0.26533229839084094	1.9002115488052367	0.5041874976733131	0.403	fov_exit	0.9	1511.0929959599434	0
2025-09-05 00:57:13	1.4761314392089844	3.5342105283590834	3.5342105283590834	3.5342105283590834	occlusion	3.5342105283590834	2.7033448003383262	2.7245448302679085	2.7033448003383262	0.006485983663030343	0.26533229839084094	2.066584014892578	0.5483314864892196	0.403	fov_exit	0.9	1511.7070959421367	0
2025-09-05 00:57:13	1.6943260431289673	4.330787227596546	4.330787227596546	4.330787227596546	occlusion	4.330787227596546	2.7033448003383262	2.7245448302679085	2.7033448003383262	0.011131353059554124	0.26533229839084094	2.372056460380554	0.629383192545615	0.403	fov_exit	0.9	1512.2627081001096	0
2025-09-05 00:57:14	2.128806114196777	5.705888178097745	5.705888178097745	5.705888178097745	occlusion	5.705888178097745	2.7033448003383262	2.7245448302679085	2.7033448003383262	0.009340240757532226	0.26533229839084094	2.9803285598754874	0.7907774267516281	0.403	fov_exit	0.9	1512.7261206513795	0
2025-09-05 00:57:15	2.549945831298828	8.013340018962223	8.013340018962223	8.013340018962223	occlusion	8.013340018962223	2.7033448003383262	2.7245448302679085	2.7033448003383262	0.006356284432609047	0.26533229839084094	3.569924163818359	0.9472161834669262	0.403	fov_exit	0.9	1513.4223524325905	0
2025-09-05 00:57:15	2.9729084968566895	9.306955983541584	9.306955983541584	9.306955983541584	occlusion	9.306955983541584	2.7033448003383262	2.7245448302679085	2.7033448003383262	0.004939021898548247	0.26533229839084094	4.162071895599365	1.1043321021273038	0.403	fov_exit	0.9	1514.2183501074883	0
2025-09-05 00:57:16	3.379133701324463	12.882024242441254	12.882024242441254	12.882024242441254	occlusion	12.882024242441254	2.7033448003383262	2.7245448302679085	2.7033448003383262	0.0070353127095192855	0.26533229839084094	4.7307871818542475	1.2552306361593166	0.403	fov_exit	0.9	1515.2508918617964	0
2025-09-05 00:57:16	3.7572338581085205	8.054826423557024	8.054826423557024	8.054826423557024	occlusion	8.054826423557024	2.7033448003383262	2.7245448302679085	2.7033448003383262	0.004541525898251393	0.26533229839084094	5.260127401351928	1.3956816932293485	0.403	fov_exit	0.9	1516.5339350051322	0
2025-09-05 00:57:17	4.174381732940674	4.647861893522263	4.647861893522263	4.647861893522263	occlusion	4.647861893522263	2.7033448003383262	2.7245448302679085	2.7033448003383262	0.006267848965172937	0.26533229839084094	5.844134426116943	1.5506376193866467	0.403	fov_exit	0.9	1518.1356410100973	0
2025-09-05 00:57:17	4.33935022354126	4.87847281540667	4.87847281540667	4.87847281540667	occlusion	4.87847281540667	2.7033448003383262	2.7245448302679085	2.7033448003383262	0.006746986707712293	0.26533229839084094	6.075090312957763	1.6119176756690166	0.403	fov_exit	0.9	1520.0534234391243	0
2025-09-05 00:57:18	4.036503314971924	5.101230007283239	5.101230007283239	5.101230007283239	occlusion	5.101230007283239	2.7033448003383262	2.7245448302679085	2.7033448003383262	0.0069048969656565215	0.26533229839084094	5.651104640960693	1.4994205828332485	0.403	fov_exit	0.9	1522.5726553106472	0
2025-09-05 00:57:18	3.5291104316711426	5.152205586648465	5.152205586648465	5.152205586648465	occlusion	5.152205586648465	2.7033448003383262	2.7245448302679085	2.7033448003383262	0.014686688076842857	0.26533229839084094	4.940754604339599	1.3109417749545558	0.403	fov_exit	0.9	1525.3664696689423	0
2025-09-05 00:57:19	3.000811815261841	3.9830713586916677	4.057897423756567	4.057897423756567	occlusion	3.9830713586916677	2.7033448003383262	2.7245448302679085	2.7033448003383262	0.00739992071153347	0.26533229839084094	4.201136541366576	1.114697214374542	0.403	fov_exit	0.9	1527.7218259912609	0
2025-09-05 00:57:19	2.41768741607666	3.1398111707697938	3.1891490311965804	3.1891490311965804	occlusion	3.1398111707697938	2.7033448003383262	2.7245448302679085	2.7033448003383262	0.006065944544447177	0.26533229839084094	3.384762382507324	0.8980867824575269	0.403	fov_exit	0.9	1530.0091528772414	0
2025-09-05 00:57:20	1.7315739393234253	3.4203303605410103	3.4203303605410103	3.4203303605410103	occlusion	3.4203303605410103	2.7033448003383262	2.7245448302679085	2.7033448003383262	0.004120395745255821	0.26533229839084094	2.4242035150527954	0.6432194904161138	0.403	fov_exit	0.9	1532.0909084676791	0
2025-09-05 00:57:20	1.219101071357727	4.42133035859929	4.42133035859929	4.42133035859929	occlusion	4.42133035859929	2.7033448003383262	2.7245448302679085	2.7033448003383262	0.0058741924592389805	0.26533229839084094	1.7067414999008177	0.4528536449277152	0.403	fov_exit	0.9	1533.6056334069106	0
2025-09-05 00:57:21	0.7453736662864685	6.246988727924575	6.246988727924575	6.246988727924575	occlusion	6.246988727924575	2.7033448003383262	2.7245448302679085	2.7033448003383262	0.007861716603470967	0.26533229839084094	1.043523132801056	0.2768803912501149	0.403	fov_exit	0.9	1534.7427748634857	0
2025-09-05 00:57:21	0.36832183599472046	9.820609765869055	9.820609765869055	9.820609765869055	occlusion	9.820609765869055	2.7033448003383262	2.7245448302679085	2.7033448003383262	0.024995702051676515	0.26533229839084094	0.5156505703926086	0.13681875100881896	0.403	fov_exit	0.9	1535.5631474834072	0
2025-09-05 00:57:22	0.1891438215970993	27.484705240602153	27.484705240602153	27.484705240602153	occlusion	27.484705240602153	2.7033448003383262	2.7245448302679085	2.7033448003383262	0.07027419044067797	0.26533229839084094	0.264801350235939	0.07026035087509974	0.403	fov_exit	0.9	1535.9556106573093	0
2025-09-05 00:57:22	0.11253564059734344	33.333333333333336	33.333333333333336	33.333333333333336	occlusion	33.333333333333336	2.7033448003383262	2.7245448302679085	2.7033448003383262	0.05391494781105747	0.26533229839084094	0.15754989683628082	0.04180307623881027	0.403	fov_exit	0.9	1536.133679779285	0
2025-09-05 00:57:23	0.1529659926891327	33.333333333333336	33.333333333333336	33.333333333333336	occlusion	33.333333333333336	2.7033448003383262	2.7245448302679085	2.7033448003383262	0.01622503986524524	0.26533229839084094	0.21415238976478576	0.056821545782181807	0.403	fov_exit	0.9	1536.135065933399	0
2025-09-05 00:57:23	0.31665635108947754	33.333333333333336	33.333333333333336	33.333333333333336	occlusion	33.333333333333336	2.7033448003383262	2.7245448302679085	2.7033448003383262	0.013678885491782195	0.26533229839084094	0.44331889152526854	0.1176268204084794	0.403	fov_exit	0.9	1536.040352781874	0
2025-09-05 00:57:24	0.5411891341209412	33.075298819653106	33.075298819653106	33.075298819653106	occlusion	33.075298819653106	2.7033448003383262	2.7245448302679085	2.7033448003383262	0.012132933228118408	0.26533229839084094	0.7576647877693176	0.20103293954864174	0.403	fov_exit	0.9	1535.9770430919455	0
2025-09-05 00:57:25	0.5499086380004883	33.333333333333336	33.333333333333336	33.333333333333336	occlusion	33.333333333333336	2.7033448003383262	2.7245448302679085	2.7033448003383262	0.009176276700297394	0.26533229839084094	0.7698720932006835	0.20427193195590507	0.403	fov_exit	0.9	1536.2751118843455	0
2025-09-05 00:57:25	0.5767905116081238	18.80372197364443	18.80372197364443	18.80372197364443	occlusion	18.80372197364443	2.7033448003383262	2.7245448302679085	2.7033448003383262	0.012161857629787554	0.26533229839084094	0.8075067162513733	0.2142576129890175	0.403	fov_exit	0.9	1536.5447021220587	0
2025-09-05 00:57:26	0.6412789821624756	33.333333333333336	33.333333333333336	33.333333333333336	occlusion	33.333333333333336	2.7033448003383262	2.7245448302679085	2.7033448003383262	0.011622839991708503	0.26533229839084094	0.8977905750274657	0.2382128367456722	0.403	fov_exit	0.9	1536.7834436022417	0
2025-09-05 00:57:26	0.3772375285625458	18.136216893056325	18.136216893056325	18.136216893056325	occlusion	18.136216893056325	2.7033448003383262	2.7245448302679085	2.7033448003383262	0.018827091529295986	0.26533229839084094	0.528132539987564	0.14013062068989307	0.403	fov_exit	0.9	1537.4426732627182	0
2025-09-05 00:57:27	0.21102704107761383	16.03498904385683	16.03498904385683	16.03498904385683	occlusion	16.03498904385683	2.7033448003383262	2.7245448302679085	2.7033448003383262	0.01226936253828858	0.26533229839084094	0.29543785750865936	0.07838920576443835	0.403	fov_exit	0.9	1537.812493437675	0
2025-09-05 00:57:27	0.10817785561084747	17.32138052593801	17.32138052593801	17.32138052593801	occlusion	17.32138052593801	2.7033448003383262	2.7245448302679085	2.7033448003383262	0.009254241898518353	0.26533229839084094	0.15144899785518645	0.04018431068990616	0.403	fov_exit	0.9	1538.0305103170165	0
2025-09-05 00:57:28	0.17945632338523865	17.38642334968096	17.38642334968096	17.38642334968096	occlusion	17.38642334968096	2.7033448003383262	2.7245448302679085	2.7033448003383262	0.010894719085042099	0.26533229839084094	0.2512388527393341	0.06666178224240554	0.403	fov_exit	0.9	1537.9938776383074	0
2025-09-05 00:57:28	0.441368043422699	13.968143582126194	13.968143582126194	13.968143582126194	occlusion	13.968143582126194	2.7033448003383262	2.7245448302679085	2.7033448003383262	0.008759621628163426	0.26533229839084094	0.6179152607917785	0.16395287635665848	0.403	fov_exit	0.9	1537.7971913818128	0
2025-09-05 00:57:29	0.6995121836662292	13.13447455909423	13.13447455909423	13.13447455909423	occlusion	13.13447455909423	2.7033448003383262	2.7245448302679085	2.7033448003383262	0.008498080247117165	0.26533229839084094	0.9793170571327209	0.2598444456223793	0.403	fov_exit	0.9	1537.7287021913846	0
2025-09-05 00:57:29	0.715233564376831	14.011669935627914	14.011669935627914	14.011669935627914	occlusion	14.011669935627914	2.7033448003383262	2.7245448302679085	2.7033448003383262	0.00951841917933355	0.26533229839084094	1.0013269901275634	0.2656843917313293	0.403	fov_exit	0.9	1538.112619631261	0
2025-09-05 00:57:30	0.8893894553184509	15.521727707139771	15.521727707139771	15.521727707139771	occlusion	15.521727707139771	2.7033448003383262	2.7245448302679085	2.7033448003383262	0.013514255235754741	0.26533229839084094	1.2451452374458312	0.3303772476819118	0.403	fov_exit	0.9	1538.2532341203664	0
2025-09-05 00:57:30	0.8362241387367249	12.028734778967477	12.028734778967477	12.028734778967477	occlusion	12.028734778967477	2.7033448003383262	2.7245448302679085	2.7033448003383262	0.011739847860687026	0.26533229839084094	1.1707137942314148	0.3106281817812833	0.403	fov_exit	0.9	1538.7755582022162	0
2025-09-05 00:57:31	0.8668510317802429	9.761851195900562	9.761851195900562	9.761851195900562	occlusion	9.761851195900562	2.7033448003383262	2.7245448302679085	2.7033448003383262	0.017473905580417354	0.26533229839084094	1.21359144449234	0.32200500727461323	0.403	fov_exit	0.9	1539.1993849593794	0
2025-09-05 00:57:31	0.8620659708976746	12.078935911640029	12.078935911640029	12.078935911640029	occlusion	12.078935911640029	2.7033448003383262	2.7245448302679085	2.7033448003383262	0.029200028239045883	0.26533229839084094	1.2068923592567442	0.32022752359193646	0.403	fov_exit	0.9	1539.640112309571	0
2025-09-05 00:57:32	0.7996444702148438	12.180353385997199	12.180353385997199	12.180353385997199	occlusion	12.180353385997199	2.7033448003383262	2.7245448302679085	2.7033448003383262	0.01602566435221815	0.26533229839084094	1.1195022583007812	0.2970401072486832	0.403	fov_exit	0.9	1540.188407077703	0
2025-09-05 00:57:33	0.7668254971504211	10.390274777254849	10.390274777254849	10.390274777254849	occlusion	10.390274777254849	2.7033448003383262	2.7245448302679085	2.7033448003383262	0.009126808050297993	0.26533229839084094	1.0735556960105894	0.28484900027306864	0.403	fov_exit	0.9	1540.662570501665	0
2025-09-05 00:57:33	0.6805937886238098	14.81749166053893	14.81749166053893	14.81749166053893	occlusion	14.81749166053893	2.7033448003383262	2.7245448302679085	2.7033448003383262	0.05653845823911304	0.26533229839084094	0.9528313040733337	0.2528169198885199	0.403	fov_exit	0.9	1541.179998348715	0
2025-09-05 00:57:34	0.638964056968689	19.285718690203105	19.285718690203105	19.285718690203105	occlusion	19.285718690203105	2.7033448003383262	2.7245448302679085	2.7033448003383262	0.09683126969449492	0.26533229839084094	0.8945496797561645	0.23735292255449383	0.403	fov_exit	0.9	1541.568840529444	0
2025-09-05 00:57:34	0.7470534443855286	19.21195701179588	19.21195701179588	19.21195701179588	occlusion	19.21195701179588	2.7033448003383262	2.7245448302679085	2.7033448003383262	0.07681188151334672	0.26533229839084094	1.04587482213974	0.2775043703874492	0.403	fov_exit	0.9	1541.7656375775762	0
2025-09-05 00:57:35	0.725395679473877	14.414471845546885	14.414471845546885	14.414471845546885	occlusion	14.414471845546885	2.7033448003383262	2.7245448302679085	2.7033448003383262	0.11305190095284495	0.26533229839084094	1.0155539512634277	0.26945926402862536	0.403	fov_exit	0.9	1542.1875303357224	0
2025-09-05 00:57:35	0.5568838715553284	15.436331770014792	15.436331770014792	15.436331770014792	occlusion	15.436331770014792	2.7033448003383262	2.7245448302679085	2.7033448003383262	0.15159670307217388	0.26533229839084094	0.7796374201774596	0.20686298860719116	0.403	fov_exit	0.9	1542.7634343344107	0
2025-09-05 00:57:36	0.5332701802253723	17.15418753340787	17.15418753340787	17.15418753340787	occlusion	17.15418753340787	2.7033448003383262	2.7245448302679085	2.7033448003383262	0.2776310324834784	0.26533229839084094	0.7465782523155212	0.19809132361549442	0.403	fov_exit	0.9	1543.0714057940413	0
2025-09-05 00:57:36	0.3528788089752197	18.4517119653163	18.4517119653163	18.4517119653163	occlusion	18.4517119653163	2.7033448003383262	2.7245448302679085	2.7033448003383262	0.2284186685502691	0.26533229839084094	0.4940303325653076	0.13108220361434458	0.403	fov_exit	0.9	1543.570237460317	0
2025-09-05 00:57:37	0.1846291720867157	31.253953720310037	31.253953720310037	31.253953720310037	occlusion	31.253953720310037	2.7033448003383262	2.7245448302679085	2.7033448003383262	0.23253999377578524	0.26533229839084094	0.25848084092140194	0.06858331561167291	0.403	fov_exit	0.9	1543.949439063117	0
2025-09-05 00:57:37	0.05798182636499405	33.333333333333336	33.333333333333336	33.333333333333336	occlusion	33.333333333333336	2.7033448003383262	2.7245448302679085	2.7033448003383262	0.1331795431244311	0.26533229839084094	0.08117455691099167	0.02153823175605154	0.403	fov_exit	0.9	1544.1803170009532	0
2025-09-05 00:57:38	0.03288763761520386	33.333333333333336	33.333333333333336	33.333333333333336	occlusion	33.333333333333336	2.7033448003383262	2.7245448302679085	2.7033448003383262	0.10562575960601349	0.26533229839084094	0.0460426926612854	0.01221661346792196	0.403	fov_exit	0.9	1544.2380641355003	0
